Campaign Name,Channel,Date,Spend,Clicks,Impressions,Conversions,Revenue
Search Max,Google Ads,2025-05-01,143.64,383,9771,53,1308.07
Brand Awareness,Google Ads,2025-05-01,89.0,128,2876,17,701.12
Retargeting Boost,Google Ads,2025-05-01,55.15,164,3794,13,330.91
Engagement Surge,Meta Ads,2025-05-01,95.85,125,4041,14,402.32
Conversion Magnet,Meta Ads,2025-05-01,202.96,156,7221,16,538.91
Lookalike Expansion,Meta Ads,2025-05-01,246.29,285,9355,39,834.35
Video Funnel,YouTube,2025-05-01,201.89,93,7433,17,832.47
Pre-Roll Push,YouTube,2025-05-01,252.1,147,10634,22,730.5
Channel Lift,YouTube,2025-05-01,80.51,45,4009,8,222.11
Trend Jumps,TikTok,2025-05-01,215.63,282,9157,37,945.19
Creator Collab,TikTok,2025-05-01,292.4,848,17837,156,5918.17
Viral Loop,TikTok,2025-05-01,280.47,167,9406,9,267.84
Lead Magnet,LinkedIn,2025-05-01,147.17,259,6012,26,739.13
B2B Outreach,LinkedIn,2025-05-01,185.67,278,6616,17,843.31
Webinar Promo,LinkedIn,2025-05-01,243.06,94,9223,16,659.29
Search Max,Google Ads,2025-05-02,232.25,183,14132,18,422.57
Brand Awareness,Google Ads,2025-05-02,265.78,339,14599,20,586.59
Retargeting Boost,Google Ads,2025-05-02,131.3,275,7770,50,1708.32
Engagement Surge,Meta Ads,2025-05-02,79.9,189,4676,25,1078.23
Conversion Magnet,Meta Ads,2025-05-02,173.45,239,8830,12,278.84
Lookalike Expansion,Meta Ads,2025-05-02,57.86,72,3208,9,425.04
Video Funnel,YouTube,2025-05-02,112.32,209,5213,17,379.26
Pre-Roll Push,YouTube,2025-05-02,122.44,210,4462,35,1365.07
Channel Lift,YouTube,2025-05-02,267.87,290,16647,53,1917.55
Trend Jumps,TikTok,2025-05-02,251.86,376,16583,25,670.95
Creator Collab,TikTok,2025-05-02,156.78,436,9833,22,777.09
Viral Loop,TikTok,2025-05-02,154.35,88,6001,8,386.3
Lead Magnet,LinkedIn,2025-05-02,130.8,253,6638,26,1277.99
B2B Outreach,LinkedIn,2025-05-02,290.61,348,11645,33,941.99
Webinar Promo,LinkedIn,2025-05-02,59.22,96,3220,5,141.8
Search Max,Google Ads,2025-05-03,277.07,173,10967,21,1040.96
Brand Awareness,Google Ads,2025-05-03,110.51,254,6286,21,878.78
Retargeting Boost,Google Ads,2025-05-03,141.95,277,7848,36,817.51
Engagement Surge,Meta Ads,2025-05-03,258.83,193,11086,10,377.27
Conversion Magnet,Meta Ads,2025-05-03,219.39,205,6727,17,669.04
Lookalike Expansion,Meta Ads,2025-05-03,93.59,137,5394,26,627.27
Video Funnel,YouTube,2025-05-03,135.27,219,4672,39,1081.79
Pre-Roll Push,YouTube,2025-05-03,215.0,434,13478,56,1526.31
Channel Lift,YouTube,2025-05-03,73.28,222,4828,32,965.47
Trend Jumps,TikTok,2025-05-03,137.3,371,8105,67,2907.55
Creator Collab,TikTok,2025-05-03,210.51,115,7023,21,802.05
Viral Loop,TikTok,2025-05-03,52.3,65,1781,3,74.47
Lead Magnet,LinkedIn,2025-05-03,187.18,389,10795,32,1323.69
B2B Outreach,LinkedIn,2025-05-03,109.31,187,4702,27,1227.87
Webinar Promo,LinkedIn,2025-05-03,214.4,155,11305,16,447.3
Search Max,Google Ads,2025-05-04,111.0,196,7650,36,1401.63
Brand Awareness,Google Ads,2025-05-04,248.7,412,12461,51,1318.72
Retargeting Boost,Google Ads,2025-05-04,230.61,104,9508,15,379.7
Engagement Surge,Meta Ads,2025-05-04,285.11,905,19432,95,1944.05
Conversion Magnet,Meta Ads,2025-05-04,282.08,646,13293,125,5698.79
Lookalike Expansion,Meta Ads,2025-05-04,123.61,247,5612,24,602.03
Video Funnel,YouTube,2025-05-04,189.2,482,12760,65,1489.49
Pre-Roll Push,YouTube,2025-05-04,203.75,221,14181,28,1296.99
Channel Lift,YouTube,2025-05-04,235.19,518,13612,53,1526.81
Trend Jumps,TikTok,2025-05-04,252.34,703,15747,131,4629.58
Creator Collab,TikTok,2025-05-04,175.38,390,10861,60,2632.43
Viral Loop,TikTok,2025-05-04,272.5,296,11859,18,672.27
Lead Magnet,LinkedIn,2025-05-04,58.99,90,2868,8,301.8
B2B Outreach,LinkedIn,2025-05-04,57.63,77,1814,8,190.49
Webinar Promo,LinkedIn,2025-05-04,180.56,204,10978,29,654.25
Search Max,Google Ads,2025-05-05,62.92,101,3224,14,584.96
Brand Awareness,Google Ads,2025-05-05,293.96,341,14889,57,1603.12
Retargeting Boost,Google Ads,2025-05-05,159.74,58,5293,11,495.87
Engagement Surge,Meta Ads,2025-05-05,223.99,175,10383,12,330.09
Conversion Magnet,Meta Ads,2025-05-05,187.31,399,10973,36,1751.25
Lookalike Expansion,Meta Ads,2025-05-05,234.47,421,12233,47,1289.3
Video Funnel,YouTube,2025-05-05,138.99,88,8383,5,106.9
Pre-Roll Push,YouTube,2025-05-05,60.18,147,3864,17,389.9
Channel Lift,YouTube,2025-05-05,172.9,143,8461,16,511.28
Trend Jumps,TikTok,2025-05-05,203.96,133,11300,14,542.86
Creator Collab,TikTok,2025-05-05,175.78,410,11295,30,663.51
Viral Loop,TikTok,2025-05-05,210.6,218,6541,41,1527.83
Lead Magnet,LinkedIn,2025-05-05,147.04,232,8194,30,1447.32
B2B Outreach,LinkedIn,2025-05-05,146.53,463,10029,36,794.91
Webinar Promo,LinkedIn,2025-05-05,75.19,31,2310,4,88.54
Search Max,Google Ads,2025-05-06,129.74,90,8276,15,426.83
Brand Awareness,Google Ads,2025-05-06,79.54,161,4602,29,1219.51
Retargeting Boost,Google Ads,2025-05-06,250.87,177,10356,28,1237.74
Engagement Surge,Meta Ads,2025-05-06,297.63,344,13841,57,1722.77
Conversion Magnet,Meta Ads,2025-05-06,282.69,493,18187,80,3410.9
Lookalike Expansion,Meta Ads,2025-05-06,75.78,151,5009,26,769.64
Video Funnel,YouTube,2025-05-06,273.88,130,12480,24,545.73
Pre-Roll Push,YouTube,2025-05-06,129.83,423,8828,57,2220.44
Channel Lift,YouTube,2025-05-06,162.11,156,6764,23,979.14
Trend Jumps,TikTok,2025-05-06,247.89,208,15266,25,543.17
Creator Collab,TikTok,2025-05-06,187.38,406,8930,41,963.99
Viral Loop,TikTok,2025-05-06,85.75,180,5184,11,247.76
Lead Magnet,LinkedIn,2025-05-06,225.24,317,7412,49,1099.58
B2B Outreach,LinkedIn,2025-05-06,71.21,123,4946,12,532.61
Webinar Promo,LinkedIn,2025-05-06,286.81,799,19916,85,1912.93
Search Max,Google Ads,2025-05-07,244.29,344,12785,63,1470.16
Brand Awareness,Google Ads,2025-05-07,173.16,151,5273,8,188.52
Retargeting Boost,Google Ads,2025-05-07,79.38,176,4442,24,1172.76
Engagement Surge,Meta Ads,2025-05-07,143.72,266,5954,22,1075.73
Conversion Magnet,Meta Ads,2025-05-07,53.04,42,3648,7,250.82
Lookalike Expansion,Meta Ads,2025-05-07,298.24,315,9827,61,2177.27
Video Funnel,YouTube,2025-05-07,207.35,337,11991,48,1801.41
Pre-Roll Push,YouTube,2025-05-07,275.29,186,8759,35,1634.78
Channel Lift,YouTube,2025-05-07,163.91,189,8983,14,474.75
Trend Jumps,TikTok,2025-05-07,138.34,96,7379,18,892.55
Creator Collab,TikTok,2025-05-07,224.54,258,11551,44,1783.85
Viral Loop,TikTok,2025-05-07,90.65,258,6022,49,2046.81
Lead Magnet,LinkedIn,2025-05-07,203.35,449,9502,80,1708.52
B2B Outreach,LinkedIn,2025-05-07,56.59,108,2549,21,514.76
Webinar Promo,LinkedIn,2025-05-07,198.53,438,8980,77,3476.54
Search Max,Google Ads,2025-05-08,167.17,163,7788,9,413.48
Brand Awareness,Google Ads,2025-05-08,253.23,883,17723,117,5039.15
Retargeting Boost,Google Ads,2025-05-08,286.19,364,18312,42,1002.74
Engagement Surge,Meta Ads,2025-05-08,288.51,299,15650,45,1734.47
Conversion Magnet,Meta Ads,2025-05-08,139.54,177,4820,22,949.73
Lookalike Expansion,Meta Ads,2025-05-08,180.04,370,11538,49,2268.68
Video Funnel,YouTube,2025-05-08,150.87,59,5334,9,347.48
Pre-Roll Push,YouTube,2025-05-08,226.02,134,8705,6,183.11
Channel Lift,YouTube,2025-05-08,197.48,248,9022,46,1400.59
Trend Jumps,TikTok,2025-05-08,178.5,283,10950,40,1834.84
Creator Collab,TikTok,2025-05-08,287.38,485,10312,60,1664.84
Viral Loop,TikTok,2025-05-08,164.78,338,11402,33,1287.07
Lead Magnet,LinkedIn,2025-05-08,110.04,55,3635,3,73.67
B2B Outreach,LinkedIn,2025-05-08,84.71,81,4712,8,375.23
Webinar Promo,LinkedIn,2025-05-08,168.49,161,9553,12,254.71
Search Max,Google Ads,2025-05-09,92.23,64,3794,4,94.48
Brand Awareness,Google Ads,2025-05-09,165.19,155,6319,19,773.53
Retargeting Boost,Google Ads,2025-05-09,59.83,130,3708,8,369.66
Engagement Surge,Meta Ads,2025-05-09,280.22,191,9091,32,1358.33
Conversion Magnet,Meta Ads,2025-05-09,96.13,91,3688,11,424.02
Lookalike Expansion,Meta Ads,2025-05-09,142.23,275,6898,15,413.6
Video Funnel,YouTube,2025-05-09,228.34,457,15026,59,1369.69
Pre-Roll Push,YouTube,2025-05-09,161.85,163,8303,14,438.46
Channel Lift,YouTube,2025-05-09,55.02,43,2359,4,94.37
Trend Jumps,TikTok,2025-05-09,272.63,544,14652,91,3180.75
Creator Collab,TikTok,2025-05-09,71.73,123,3692,19,626.05
Viral Loop,TikTok,2025-05-09,81.9,83,3386,12,445.48
Lead Magnet,LinkedIn,2025-05-09,139.02,330,9656,28,645.5
B2B Outreach,LinkedIn,2025-05-09,88.21,57,3514,4,114.21
Webinar Promo,LinkedIn,2025-05-09,93.34,81,6148,10,323.12
Search Max,Google Ads,2025-05-10,295.59,264,10192,51,2344.23
Brand Awareness,Google Ads,2025-05-10,254.27,172,10251,25,1197.03
Retargeting Boost,Google Ads,2025-05-10,189.19,212,10001,35,896.4
Engagement Surge,Meta Ads,2025-05-10,130.92,186,6155,16,375.12
Conversion Magnet,Meta Ads,2025-05-10,202.66,279,8419,20,688.68
Lookalike Expansion,Meta Ads,2025-05-10,183.15,137,5874,9,197.11
Video Funnel,YouTube,2025-05-10,297.49,540,12760,47,1900.92
Pre-Roll Push,YouTube,2025-05-10,240.06,372,12921,41,1249.11
Channel Lift,YouTube,2025-05-10,282.38,867,17853,59,2473.64
Trend Jumps,TikTok,2025-05-10,284.59,134,10600,21,781.92
Creator Collab,TikTok,2025-05-10,260.46,387,9270,31,772.2
Viral Loop,TikTok,2025-05-10,91.07,208,5699,26,799.89
Lead Magnet,LinkedIn,2025-05-10,269.3,525,12306,60,1878.5
B2B Outreach,LinkedIn,2025-05-10,165.67,278,6967,34,916.86
Webinar Promo,LinkedIn,2025-05-10,274.89,395,12467,73,2827.08
Search Max,Google Ads,2025-05-11,79.22,187,5354,18,435.21
Brand Awareness,Google Ads,2025-05-11,248.51,426,13619,78,3405.32
Retargeting Boost,Google Ads,2025-05-11,87.92,74,3733,11,231.07
Engagement Surge,Meta Ads,2025-05-11,192.47,524,11644,53,2365.8
Conversion Magnet,Meta Ads,2025-05-11,77.66,74,4959,8,351.35
Lookalike Expansion,Meta Ads,2025-05-11,87.48,133,3426,21,823.92
Video Funnel,YouTube,2025-05-11,223.49,231,11556,23,585.3
Pre-Roll Push,YouTube,2025-05-11,277.11,384,14779,45,2178.83
Channel Lift,YouTube,2025-05-11,88.34,142,4721,20,410.87
Trend Jumps,TikTok,2025-05-11,268.03,588,18034,90,4290.75
Creator Collab,TikTok,2025-05-11,226.81,270,8188,38,1243.51
Viral Loop,TikTok,2025-05-11,234.11,741,15773,87,2035.55
Lead Magnet,LinkedIn,2025-05-11,296.21,282,18825,53,2443.14
B2B Outreach,LinkedIn,2025-05-11,179.71,250,9641,14,420.78
Webinar Promo,LinkedIn,2025-05-11,250.71,176,7567,19,686.32
Search Max,Google Ads,2025-05-12,279.96,293,12277,47,1577.63
Brand Awareness,Google Ads,2025-05-12,106.15,79,5105,6,209.71
Retargeting Boost,Google Ads,2025-05-12,154.73,252,10304,34,1324.91
Engagement Surge,Meta Ads,2025-05-12,53.27,51,3011,9,220.14
Conversion Magnet,Meta Ads,2025-05-12,153.66,256,5134,32,1211.57
Lookalike Expansion,Meta Ads,2025-05-12,66.77,73,4006,13,340.0
Video Funnel,YouTube,2025-05-12,97.67,88,3072,11,241.68
Pre-Roll Push,YouTube,2025-05-12,243.88,363,11738,42,1344.96
Channel Lift,YouTube,2025-05-12,189.91,118,6876,21,1016.05
Trend Jumps,TikTok,2025-05-12,143.33,209,5852,23,477.52
Creator Collab,TikTok,2025-05-12,89.04,189,5221,10,266.59
Viral Loop,TikTok,2025-05-12,107.77,66,6129,4,175.99
Lead Magnet,LinkedIn,2025-05-12,94.64,103,5310,6,163.77
B2B Outreach,LinkedIn,2025-05-12,230.57,639,14809,70,2802.98
Webinar Promo,LinkedIn,2025-05-12,101.25,193,4224,10,225.65
Search Max,Google Ads,2025-05-13,101.97,54,3167,7,228.5
Brand Awareness,Google Ads,2025-05-13,273.17,405,17127,36,1130.07
Retargeting Boost,Google Ads,2025-05-13,197.57,281,8045,31,1133.4
Engagement Surge,Meta Ads,2025-05-13,159.03,318,6644,52,1258.58
Conversion Magnet,Meta Ads,2025-05-13,267.12,605,13221,102,3341.15
Lookalike Expansion,Meta Ads,2025-05-13,55.62,71,2266,10,277.37
Video Funnel,YouTube,2025-05-13,84.84,265,5378,34,855.11
Pre-Roll Push,YouTube,2025-05-13,118.08,169,3629,11,410.25
Channel Lift,YouTube,2025-05-13,118.51,222,6182,38,995.32
Trend Jumps,TikTok,2025-05-13,52.75,86,1871,15,568.84
Creator Collab,TikTok,2025-05-13,200.13,192,11327,35,1139.71
Viral Loop,TikTok,2025-05-13,145.78,87,7399,6,252.85
Lead Magnet,LinkedIn,2025-05-13,70.7,75,3826,8,229.29
B2B Outreach,LinkedIn,2025-05-13,138.92,178,8163,24,822.76
Webinar Promo,LinkedIn,2025-05-13,215.92,572,14568,47,983.97
Search Max,Google Ads,2025-05-14,115.57,74,6218,9,341.15
Brand Awareness,Google Ads,2025-05-14,133.56,115,8125,7,292.92
Retargeting Boost,Google Ads,2025-05-14,173.87,274,10003,23,1025.18
Engagement Surge,Meta Ads,2025-05-14,249.85,301,14438,41,1264.0
Conversion Magnet,Meta Ads,2025-05-14,72.9,75,4861,14,467.32
Lookalike Expansion,Meta Ads,2025-05-14,96.28,223,4975,35,1546.89
Video Funnel,YouTube,2025-05-14,214.7,544,12386,47,1630.09
Pre-Roll Push,YouTube,2025-05-14,105.3,349,7319,19,782.18
Channel Lift,YouTube,2025-05-14,281.31,342,10471,64,1345.18
Trend Jumps,TikTok,2025-05-14,224.36,441,9399,86,4156.21
Creator Collab,TikTok,2025-05-14,168.55,475,10868,46,2063.9
Viral Loop,TikTok,2025-05-14,59.25,61,3190,4,89.23
Lead Magnet,LinkedIn,2025-05-14,224.07,380,9768,22,648.09
B2B Outreach,LinkedIn,2025-05-14,184.87,259,11393,37,1723.44
Webinar Promo,LinkedIn,2025-05-14,203.97,88,8019,15,309.57
Search Max,Google Ads,2025-05-15,268.68,653,13744,110,5493.18
Brand Awareness,Google Ads,2025-05-15,137.68,217,8355,26,1009.45
Retargeting Boost,Google Ads,2025-05-15,268.42,758,18618,85,2774.46
Engagement Surge,Meta Ads,2025-05-15,234.4,133,9270,13,372.02
Conversion Magnet,Meta Ads,2025-05-15,124.08,57,4881,3,148.9
Lookalike Expansion,Meta Ads,2025-05-15,156.94,264,7120,21,1018.48
Video Funnel,YouTube,2025-05-15,246.59,221,8279,40,1933.68
Pre-Roll Push,YouTube,2025-05-15,166.85,151,9099,29,781.55
Channel Lift,YouTube,2025-05-15,285.68,548,15994,69,1857.49
Trend Jumps,TikTok,2025-05-15,94.13,63,3654,10,305.04
Creator Collab,TikTok,2025-05-15,64.46,200,4432,37,1844.35
Viral Loop,TikTok,2025-05-15,93.47,172,4285,26,640.04
Lead Magnet,LinkedIn,2025-05-15,253.96,187,9898,24,906.92
B2B Outreach,LinkedIn,2025-05-15,195.02,296,6564,26,621.02
Webinar Promo,LinkedIn,2025-05-15,272.19,826,18570,141,5591.67
Search Max,Google Ads,2025-05-16,187.71,165,6284,17,472.47
Brand Awareness,Google Ads,2025-05-16,230.86,152,11504,12,485.97
Retargeting Boost,Google Ads,2025-05-16,69.03,131,4421,15,566.58
Engagement Surge,Meta Ads,2025-05-16,256.17,417,11249,56,1568.61
Conversion Magnet,Meta Ads,2025-05-16,269.66,606,16691,107,4924.01
Lookalike Expansion,Meta Ads,2025-05-16,227.09,546,14415,83,3200.34
Video Funnel,YouTube,2025-05-16,238.18,391,8656,70,1461.42
Pre-Roll Push,YouTube,2025-05-16,256.45,210,9015,33,819.15
Channel Lift,YouTube,2025-05-16,254.49,487,16105,24,686.67
Trend Jumps,TikTok,2025-05-16,204.23,498,14142,44,1716.89
Creator Collab,TikTok,2025-05-16,185.0,161,11320,26,942.19
Viral Loop,TikTok,2025-05-16,290.75,448,12698,85,1961.4
Lead Magnet,LinkedIn,2025-05-16,284.31,207,16352,19,783.66
B2B Outreach,LinkedIn,2025-05-16,66.84,84,3561,12,256.47
Webinar Promo,LinkedIn,2025-05-16,267.88,900,18467,146,3489.78
Search Max,Google Ads,2025-05-17,239.57,80,7422,7,242.62
Brand Awareness,Google Ads,2025-05-17,242.6,387,13908,35,1746.98
Retargeting Boost,Google Ads,2025-05-17,156.55,124,7523,20,816.21
Engagement Surge,Meta Ads,2025-05-17,105.19,130,3502,19,535.76
Conversion Magnet,Meta Ads,2025-05-17,287.72,283,10370,54,1759.96
Lookalike Expansion,Meta Ads,2025-05-17,209.63,201,9622,39,1258.92
Video Funnel,YouTube,2025-05-17,273.52,198,10721,10,395.5
Pre-Roll Push,YouTube,2025-05-17,142.13,265,9177,51,1303.85
Channel Lift,YouTube,2025-05-17,267.16,666,16313,117,5011.19
Trend Jumps,TikTok,2025-05-17,206.56,82,7281,15,577.49
Creator Collab,TikTok,2025-05-17,249.13,180,12272,12,486.8
Viral Loop,TikTok,2025-05-17,157.58,177,5991,10,374.59
Lead Magnet,LinkedIn,2025-05-17,117.25,162,7258,19,386.62
B2B Outreach,LinkedIn,2025-05-17,68.11,90,3112,12,345.0
Webinar Promo,LinkedIn,2025-05-17,223.75,593,14410,33,1135.7
Search Max,Google Ads,2025-05-18,76.23,149,3024,10,349.67
Brand Awareness,Google Ads,2025-05-18,204.54,384,11883,19,566.08
Retargeting Boost,Google Ads,2025-05-18,179.43,144,6013,7,156.5
Engagement Surge,Meta Ads,2025-05-18,149.23,172,5269,26,1144.46
Conversion Magnet,Meta Ads,2025-05-18,100.04,52,3671,7,288.36
Lookalike Expansion,Meta Ads,2025-05-18,57.9,47,3905,6,247.63
Video Funnel,YouTube,2025-05-18,267.74,659,15679,66,2933.35
Pre-Roll Push,YouTube,2025-05-18,70.03,146,4607,25,839.24
Channel Lift,YouTube,2025-05-18,210.89,422,10767,26,567.07
Trend Jumps,TikTok,2025-05-18,111.78,182,4066,15,739.14
Creator Collab,TikTok,2025-05-18,134.22,208,5004,30,1048.38
Viral Loop,TikTok,2025-05-18,188.84,212,11097,42,2068.24
Lead Magnet,LinkedIn,2025-05-18,212.58,300,8074,18,376.55
B2B Outreach,LinkedIn,2025-05-18,114.42,248,5549,39,1648.97
Webinar Promo,LinkedIn,2025-05-18,156.37,170,6854,33,699.71
Search Max,Google Ads,2025-05-19,266.76,390,14177,61,2110.6
Brand Awareness,Google Ads,2025-05-19,268.36,476,17719,43,1624.13
Retargeting Boost,Google Ads,2025-05-19,278.09,373,10686,53,2225.65
Engagement Surge,Meta Ads,2025-05-19,82.89,225,4860,17,461.15
Conversion Magnet,Meta Ads,2025-05-19,292.85,481,10905,59,1617.6
Lookalike Expansion,Meta Ads,2025-05-19,267.69,391,12798,40,1511.54
Video Funnel,YouTube,2025-05-19,90.88,202,4148,17,674.94
Pre-Roll Push,YouTube,2025-05-19,131.3,121,8001,23,773.11
Channel Lift,YouTube,2025-05-19,109.01,60,3590,7,210.77
Trend Jumps,TikTok,2025-05-19,257.22,242,12149,34,1400.91
Creator Collab,TikTok,2025-05-19,91.76,38,3368,6,239.48
Viral Loop,TikTok,2025-05-19,168.66,454,10754,62,2854.98
Lead Magnet,LinkedIn,2025-05-19,101.46,72,3498,4,143.74
B2B Outreach,LinkedIn,2025-05-19,284.15,133,8971,15,720.24
Webinar Promo,LinkedIn,2025-05-19,129.04,75,6489,5,247.99
Search Max,Google Ads,2025-05-20,291.28,422,8795,61,2808.29
Brand Awareness,Google Ads,2025-05-20,163.68,244,8286,36,870.82
Retargeting Boost,Google Ads,2025-05-20,57.49,92,2432,7,281.42
Engagement Surge,Meta Ads,2025-05-20,292.48,364,9872,42,1933.86
Conversion Magnet,Meta Ads,2025-05-20,94.29,236,5441,45,1822.38
Lookalike Expansion,Meta Ads,2025-05-20,174.29,426,9536,57,1191.96
Video Funnel,YouTube,2025-05-20,282.74,603,16280,49,1948.56
Pre-Roll Push,YouTube,2025-05-20,148.47,118,8321,17,849.7
Channel Lift,YouTube,2025-05-20,62.05,112,4286,20,869.43
Trend Jumps,TikTok,2025-05-20,191.75,515,11416,56,1669.42
Creator Collab,TikTok,2025-05-20,216.9,547,13515,92,3042.21
Viral Loop,TikTok,2025-05-20,254.46,281,8857,14,416.33
Lead Magnet,LinkedIn,2025-05-20,141.62,245,6492,26,869.98
B2B Outreach,LinkedIn,2025-05-20,109.39,93,4914,5,190.52
Webinar Promo,LinkedIn,2025-05-20,217.05,339,11889,36,1652.4
Search Max,Google Ads,2025-05-21,179.77,97,8838,9,282.65
Brand Awareness,Google Ads,2025-05-21,149.71,249,7965,35,1503.13
Retargeting Boost,Google Ads,2025-05-21,253.25,717,14872,37,957.31
Engagement Surge,Meta Ads,2025-05-21,51.89,133,2900,11,525.92
Conversion Magnet,Meta Ads,2025-05-21,65.07,105,4384,6,207.46
Lookalike Expansion,Meta Ads,2025-05-21,114.19,105,4726,17,614.97
Video Funnel,YouTube,2025-05-21,127.83,268,6955,24,777.76
Pre-Roll Push,YouTube,2025-05-21,80.47,111,2997,8,286.04
Channel Lift,YouTube,2025-05-21,227.26,254,7789,22,1075.53
Trend Jumps,TikTok,2025-05-21,170.89,340,10636,19,740.9
Creator Collab,TikTok,2025-05-21,287.85,665,15562,121,3247.93
Viral Loop,TikTok,2025-05-21,103.01,148,5607,26,1222.02
Lead Magnet,LinkedIn,2025-05-21,138.36,225,5461,20,893.57
B2B Outreach,LinkedIn,2025-05-21,155.93,122,8841,17,570.4
Webinar Promo,LinkedIn,2025-05-21,196.65,285,7221,51,1351.61
Search Max,Google Ads,2025-05-22,73.93,81,2287,11,400.41
Brand Awareness,Google Ads,2025-05-22,107.99,166,4928,20,992.67
Retargeting Boost,Google Ads,2025-05-22,84.11,127,4862,14,581.39
Engagement Surge,Meta Ads,2025-05-22,223.11,235,15539,15,625.95
Conversion Magnet,Meta Ads,2025-05-22,194.6,105,7972,6,280.95
Lookalike Expansion,Meta Ads,2025-05-22,97.97,80,4206,8,176.66
Video Funnel,YouTube,2025-05-22,179.76,246,5878,20,724.01
Pre-Roll Push,YouTube,2025-05-22,270.02,473,15130,46,1379.54
Channel Lift,YouTube,2025-05-22,217.37,553,15164,73,3060.12
Trend Jumps,TikTok,2025-05-22,166.3,175,5389,33,833.55
Creator Collab,TikTok,2025-05-22,222.5,266,8463,17,569.69
Viral Loop,TikTok,2025-05-22,239.04,384,10494,65,3108.0
Lead Magnet,LinkedIn,2025-05-22,108.66,80,4995,15,717.15
B2B Outreach,LinkedIn,2025-05-22,184.99,363,11780,52,1179.03
Webinar Promo,LinkedIn,2025-05-22,238.82,360,8384,60,2475.74
Search Max,Google Ads,2025-05-23,59.04,51,2487,5,113.15
Brand Awareness,Google Ads,2025-05-23,284.24,329,14823,36,1202.98
Retargeting Boost,Google Ads,2025-05-23,200.15,473,10133,58,2886.35
Engagement Surge,Meta Ads,2025-05-23,262.86,475,10078,32,1424.75
Conversion Magnet,Meta Ads,2025-05-23,145.16,422,9452,72,3146.47
Lookalike Expansion,Meta Ads,2025-05-23,126.17,109,4193,8,326.79
Video Funnel,YouTube,2025-05-23,136.52,335,9423,58,1390.59
Pre-Roll Push,YouTube,2025-05-23,265.5,523,17764,73,3134.93
Channel Lift,YouTube,2025-05-23,93.71,121,4695,8,248.21
Trend Jumps,TikTok,2025-05-23,67.04,32,2080,6,218.92
Creator Collab,TikTok,2025-05-23,291.46,309,13786,38,1261.04
Viral Loop,TikTok,2025-05-23,76.42,79,4251,11,434.57
Lead Magnet,LinkedIn,2025-05-23,88.01,117,2856,13,282.68
B2B Outreach,LinkedIn,2025-05-23,298.72,364,9652,71,1929.45
Webinar Promo,LinkedIn,2025-05-23,85.56,65,2982,4,163.06
Search Max,Google Ads,2025-05-24,65.57,164,3303,28,1076.78
Brand Awareness,Google Ads,2025-05-24,126.56,216,6955,24,574.11
Retargeting Boost,Google Ads,2025-05-24,271.65,231,13036,24,778.17
Engagement Surge,Meta Ads,2025-05-24,256.88,621,15244,32,1039.51
Conversion Magnet,Meta Ads,2025-05-24,170.34,106,5240,17,409.93
Lookalike Expansion,Meta Ads,2025-05-24,183.83,74,7097,6,295.66
Video Funnel,YouTube,2025-05-24,250.38,505,17121,33,1202.48
Pre-Roll Push,YouTube,2025-05-24,163.59,145,10432,17,416.52
Channel Lift,YouTube,2025-05-24,131.17,226,7803,24,764.02
Trend Jumps,TikTok,2025-05-24,164.86,462,10122,89,3881.03
Creator Collab,TikTok,2025-05-24,128.85,203,7412,17,768.84
Viral Loop,TikTok,2025-05-24,59.61,112,3938,16,636.49
Lead Magnet,LinkedIn,2025-05-24,273.78,524,15185,31,1102.12
B2B Outreach,LinkedIn,2025-05-24,87.54,158,5208,24,510.0
Webinar Promo,LinkedIn,2025-05-24,71.2,53,4176,3,61.09
Search Max,Google Ads,2025-05-25,289.13,415,17203,39,1189.15
Brand Awareness,Google Ads,2025-05-25,243.66,239,13755,18,413.13
Retargeting Boost,Google Ads,2025-05-25,215.08,268,13028,14,314.51
Engagement Surge,Meta Ads,2025-05-25,291.97,497,12209,71,2233.53
Conversion Magnet,Meta Ads,2025-05-25,101.42,122,3535,20,786.34
Lookalike Expansion,Meta Ads,2025-05-25,182.58,281,5783,47,1352.88
Video Funnel,YouTube,2025-05-25,294.99,531,15951,86,3814.37
Pre-Roll Push,YouTube,2025-05-25,214.12,176,7520,33,882.37
Channel Lift,YouTube,2025-05-25,143.04,186,6763,26,1255.6
Trend Jumps,TikTok,2025-05-25,110.17,68,3840,12,472.49
Creator Collab,TikTok,2025-05-25,121.48,338,7609,59,2806.5
Viral Loop,TikTok,2025-05-25,113.06,193,6806,34,1423.06
Lead Magnet,LinkedIn,2025-05-25,244.11,234,13730,30,1486.2
B2B Outreach,LinkedIn,2025-05-25,284.35,149,9021,10,417.79
Webinar Promo,LinkedIn,2025-05-25,254.45,296,9806,52,2183.17
Search Max,Google Ads,2025-05-26,185.56,301,9948,28,1034.62
Brand Awareness,Google Ads,2025-05-26,222.22,511,14429,83,2058.58
Retargeting Boost,Google Ads,2025-05-26,165.39,99,5023,15,746.31
Engagement Surge,Meta Ads,2025-05-26,74.79,144,3444,11,403.18
Conversion Magnet,Meta Ads,2025-05-26,233.27,223,12745,23,1000.82
Lookalike Expansion,Meta Ads,2025-05-26,188.56,230,5696,12,508.46
Video Funnel,YouTube,2025-05-26,100.62,169,6874,16,391.47
Pre-Roll Push,YouTube,2025-05-26,126.4,409,8224,43,1438.71
Channel Lift,YouTube,2025-05-26,230.52,508,15087,55,1780.83
Trend Jumps,TikTok,2025-05-26,223.9,234,6745,24,1051.82
Creator Collab,TikTok,2025-05-26,73.25,114,3920,16,351.13
Viral Loop,TikTok,2025-05-26,195.0,331,10229,46,1853.53
Lead Magnet,LinkedIn,2025-05-26,251.25,440,10249,54,1204.83
B2B Outreach,LinkedIn,2025-05-26,64.64,116,2803,18,785.85
Webinar Promo,LinkedIn,2025-05-26,179.32,135,8537,13,429.27
Search Max,Google Ads,2025-05-27,72.15,95,2801,15,749.26
Brand Awareness,Google Ads,2025-05-27,283.28,423,15779,61,2657.74
Retargeting Boost,Google Ads,2025-05-27,79.58,160,3692,17,631.65
Engagement Surge,Meta Ads,2025-05-27,196.94,180,7361,18,374.15
Conversion Magnet,Meta Ads,2025-05-27,56.05,74,3546,9,260.66
Lookalike Expansion,Meta Ads,2025-05-27,285.17,312,11512,56,2534.45
Video Funnel,YouTube,2025-05-27,96.53,169,5995,20,480.09
Pre-Roll Push,YouTube,2025-05-27,70.15,123,4147,14,586.39
Channel Lift,YouTube,2025-05-27,241.38,301,8775,21,893.37
Trend Jumps,TikTok,2025-05-27,214.24,186,14625,10,284.66
Creator Collab,TikTok,2025-05-27,115.43,212,4603,18,506.85
Viral Loop,TikTok,2025-05-27,239.85,472,11510,28,969.56
Lead Magnet,LinkedIn,2025-05-27,58.4,87,1898,6,215.84
B2B Outreach,LinkedIn,2025-05-27,152.77,308,6705,16,638.62
Webinar Promo,LinkedIn,2025-05-27,290.85,723,15242,41,1335.12
Search Max,Google Ads,2025-05-28,115.04,335,6814,29,1149.13
Brand Awareness,Google Ads,2025-05-28,99.52,149,5236,29,1109.42
Retargeting Boost,Google Ads,2025-05-28,137.38,76,4748,6,165.17
Engagement Surge,Meta Ads,2025-05-28,262.65,426,13775,28,1282.52
Conversion Magnet,Meta Ads,2025-05-28,230.7,289,7545,38,853.17
Lookalike Expansion,Meta Ads,2025-05-28,164.58,135,8128,25,1137.48
Video Funnel,YouTube,2025-05-28,217.26,278,10535,41,1490.88
Pre-Roll Push,YouTube,2025-05-28,65.57,139,3311,16,344.94
Channel Lift,YouTube,2025-05-28,246.57,190,9383,14,418.69
Trend Jumps,TikTok,2025-05-28,239.19,220,12144,39,1809.11
Creator Collab,TikTok,2025-05-28,267.64,296,10585,58,2503.3
Viral Loop,TikTok,2025-05-28,56.79,52,1851,9,325.45
Lead Magnet,LinkedIn,2025-05-28,174.45,216,5969,37,1162.27
B2B Outreach,LinkedIn,2025-05-28,243.9,303,16726,38,1087.34
Webinar Promo,LinkedIn,2025-05-28,248.21,466,13180,79,2518.45
Search Max,Google Ads,2025-05-29,278.77,233,14306,35,1532.92
Brand Awareness,Google Ads,2025-05-29,129.19,384,8305,35,1732.7
Retargeting Boost,Google Ads,2025-05-29,85.18,56,3243,10,396.29
Engagement Surge,Meta Ads,2025-05-29,88.03,145,4191,9,418.25
Conversion Magnet,Meta Ads,2025-05-29,250.9,613,12597,69,3417.11
Lookalike Expansion,Meta Ads,2025-05-29,216.98,199,12017,36,1181.69
Video Funnel,YouTube,2025-05-29,90.56,89,2762,11,457.39
Pre-Roll Push,YouTube,2025-05-29,272.56,354,9042,27,1235.12
Channel Lift,YouTube,2025-05-29,254.77,505,13154,49,1672.62
Trend Jumps,TikTok,2025-05-29,255.41,300,12354,37,1659.36
Creator Collab,TikTok,2025-05-29,133.8,190,4943,33,759.63
Viral Loop,TikTok,2025-05-29,109.97,93,3923,10,424.65
Lead Magnet,LinkedIn,2025-05-29,212.79,281,11668,49,1672.79
B2B Outreach,LinkedIn,2025-05-29,294.78,245,16320,37,1100.87
Webinar Promo,LinkedIn,2025-05-29,221.58,123,7264,21,563.12
Search Max,Google Ads,2025-05-30,259.26,381,10674,58,2052.02
Brand Awareness,Google Ads,2025-05-30,126.33,55,4864,5,197.97
Retargeting Boost,Google Ads,2025-05-30,284.58,750,18454,126,5033.64
Engagement Surge,Meta Ads,2025-05-30,115.07,280,7627,37,863.2
Conversion Magnet,Meta Ads,2025-05-30,161.76,349,7831,46,1444.95
Lookalike Expansion,Meta Ads,2025-05-30,294.2,272,10128,15,632.96
Video Funnel,YouTube,2025-05-30,279.52,510,11516,47,2224.19
Pre-Roll Push,YouTube,2025-05-30,238.49,159,14833,30,1254.0
Channel Lift,YouTube,2025-05-30,126.19,169,7972,30,701.32
Trend Jumps,TikTok,2025-05-30,225.92,161,11663,13,264.84
Creator Collab,TikTok,2025-05-30,167.19,238,7030,22,637.95
Viral Loop,TikTok,2025-05-30,235.8,347,7528,61,2442.08
Lead Magnet,LinkedIn,2025-05-30,198.31,226,13027,13,353.41
B2B Outreach,LinkedIn,2025-05-30,248.64,259,7804,51,2329.22
Webinar Promo,LinkedIn,2025-05-30,180.36,253,5869,35,820.68
Search Max,Google Ads,2025-05-31,73.46,179,4876,31,1437.45
Brand Awareness,Google Ads,2025-05-31,192.94,266,9781,25,825.95
Retargeting Boost,Google Ads,2025-05-31,243.47,601,13166,70,2674.89
Engagement Surge,Meta Ads,2025-05-31,207.83,424,11153,36,1273.35
Conversion Magnet,Meta Ads,2025-05-31,76.06,101,3451,14,679.22
Lookalike Expansion,Meta Ads,2025-05-31,200.16,361,11958,52,1150.65
Video Funnel,YouTube,2025-05-31,113.6,146,5052,8,193.61
Pre-Roll Push,YouTube,2025-05-31,119.2,190,8208,23,595.31
Channel Lift,YouTube,2025-05-31,202.7,152,8356,19,383.14
Trend Jumps,TikTok,2025-05-31,51.92,23,2012,1,30.17
Creator Collab,TikTok,2025-05-31,250.65,404,13254,37,1774.25
Viral Loop,TikTok,2025-05-31,149.25,173,4997,11,333.92
Lead Magnet,LinkedIn,2025-05-31,176.85,341,11489,52,2588.79
B2B Outreach,LinkedIn,2025-05-31,82.87,87,3396,9,290.98
Webinar Promo,LinkedIn,2025-05-31,276.9,556,16215,53,2369.83
Search Max,Google Ads,2025-06-01,288.77,182,18148,26,559.89
Brand Awareness,Google Ads,2025-06-01,114.4,126,3704,19,445.26
Retargeting Boost,Google Ads,2025-06-01,145.96,174,7042,11,358.25
Engagement Surge,Meta Ads,2025-06-01,237.79,103,7809,10,482.52
Conversion Magnet,Meta Ads,2025-06-01,217.14,303,12408,42,852.77
Lookalike Expansion,Meta Ads,2025-06-01,209.02,479,13906,86,3587.85
Video Funnel,YouTube,2025-06-01,80.14,67,5297,8,194.11
Pre-Roll Push,YouTube,2025-06-01,52.93,54,2481,6,223.9
Channel Lift,YouTube,2025-06-01,60.93,68,2127,6,251.25
Trend Jumps,TikTok,2025-06-01,213.07,512,13599,58,2330.96
Creator Collab,TikTok,2025-06-01,118.85,208,5021,24,1054.83
Viral Loop,TikTok,2025-06-01,255.61,766,16436,87,2572.24
Lead Magnet,LinkedIn,2025-06-01,195.55,298,8769,46,1870.0
B2B Outreach,LinkedIn,2025-06-01,143.64,143,5267,10,467.03
Webinar Promo,LinkedIn,2025-06-01,136.47,54,4937,7,273.75
Search Max,Google Ads,2025-06-02,135.15,117,4442,11,443.45
Brand Awareness,Google Ads,2025-06-02,201.44,168,8980,33,1109.46
Retargeting Boost,Google Ads,2025-06-02,222.07,232,7910,12,421.96
Engagement Surge,Meta Ads,2025-06-02,291.0,152,13202,8,253.12
Conversion Magnet,Meta Ads,2025-06-02,90.01,112,2784,13,372.81
Lookalike Expansion,Meta Ads,2025-06-02,275.02,459,9528,44,2052.69
Video Funnel,YouTube,2025-06-02,200.74,624,12660,58,2832.38
Pre-Roll Push,YouTube,2025-06-02,147.37,158,6693,20,492.49
Channel Lift,YouTube,2025-06-02,188.43,394,9735,68,2258.5
Trend Jumps,TikTok,2025-06-02,125.58,90,5070,5,151.37
Creator Collab,TikTok,2025-06-02,117.56,260,8071,26,972.76
Viral Loop,TikTok,2025-06-02,84.8,141,4050,17,544.91
Lead Magnet,LinkedIn,2025-06-02,298.46,679,19463,91,3514.4
B2B Outreach,LinkedIn,2025-06-02,100.33,53,4595,6,217.74
Webinar Promo,LinkedIn,2025-06-02,106.94,339,7331,53,1908.08
Search Max,Google Ads,2025-06-03,267.49,392,9422,26,1139.48
Brand Awareness,Google Ads,2025-06-03,118.94,369,7741,26,880.89
Retargeting Boost,Google Ads,2025-06-03,295.25,648,14566,89,2782.13
Engagement Surge,Meta Ads,2025-06-03,121.45,187,4630,20,706.77
Conversion Magnet,Meta Ads,2025-06-03,173.08,410,9189,80,2578.2
Lookalike Expansion,Meta Ads,2025-06-03,256.88,512,15562,99,2575.41
Video Funnel,YouTube,2025-06-03,77.32,136,4960,24,1123.02
Pre-Roll Push,YouTube,2025-06-03,65.61,119,4286,15,581.97
Channel Lift,YouTube,2025-06-03,281.6,251,8663,38,1583.89
Trend Jumps,TikTok,2025-06-03,223.13,173,7893,17,750.26
Creator Collab,TikTok,2025-06-03,119.69,222,4599,11,549.28
Viral Loop,TikTok,2025-06-03,219.21,301,13840,15,632.04
Lead Magnet,LinkedIn,2025-06-03,258.54,242,15413,39,1679.64
B2B Outreach,LinkedIn,2025-06-03,214.64,570,13016,80,1812.65
Webinar Promo,LinkedIn,2025-06-03,171.91,149,5691,16,351.68
Search Max,Google Ads,2025-06-04,137.21,200,4725,38,842.44
Brand Awareness,Google Ads,2025-06-04,288.78,323,14699,19,665.36
Retargeting Boost,Google Ads,2025-06-04,248.63,174,14491,10,320.86
Engagement Surge,Meta Ads,2025-06-04,123.82,103,4865,17,813.91
Conversion Magnet,Meta Ads,2025-06-04,151.28,229,10021,27,723.08
Lookalike Expansion,Meta Ads,2025-06-04,210.12,496,14531,51,2011.16
Video Funnel,YouTube,2025-06-04,80.73,159,5291,18,676.37
Pre-Roll Push,YouTube,2025-06-04,206.2,252,6778,21,869.79
Channel Lift,YouTube,2025-06-04,255.63,510,15889,65,1578.61
Trend Jumps,TikTok,2025-06-04,243.84,297,9962,27,648.4
Creator Collab,TikTok,2025-06-04,207.39,266,6672,25,500.1
Viral Loop,TikTok,2025-06-04,177.78,119,5666,18,393.85
Lead Magnet,LinkedIn,2025-06-04,259.83,155,7834,24,707.71
B2B Outreach,LinkedIn,2025-06-04,75.47,69,3351,12,352.81
Webinar Promo,LinkedIn,2025-06-04,247.23,444,16236,82,2568.2
Search Max,Google Ads,2025-06-05,291.02,366,9770,45,1423.33
Brand Awareness,Google Ads,2025-06-05,208.18,123,12106,9,372.52
Retargeting Boost,Google Ads,2025-06-05,216.6,601,14867,115,4723.76
Engagement Surge,Meta Ads,2025-06-05,124.51,175,4260,25,536.14
Conversion Magnet,Meta Ads,2025-06-05,140.01,286,9558,32,1079.39
Lookalike Expansion,Meta Ads,2025-06-05,102.22,113,4574,6,258.16
Video Funnel,YouTube,2025-06-05,154.13,426,9692,34,1350.5
Pre-Roll Push,YouTube,2025-06-05,168.07,204,10959,30,1146.98
Channel Lift,YouTube,2025-06-05,123.83,158,4391,25,736.72
Trend Jumps,TikTok,2025-06-05,211.21,372,9674,29,1354.49
Creator Collab,TikTok,2025-06-05,121.85,67,5448,4,141.9
Viral Loop,TikTok,2025-06-05,116.9,78,7413,8,240.96
Lead Magnet,LinkedIn,2025-06-05,54.83,50,1917,6,192.77
B2B Outreach,LinkedIn,2025-06-05,182.73,102,9831,12,586.86
Webinar Promo,LinkedIn,2025-06-05,179.76,230,10264,38,1641.13
Search Max,Google Ads,2025-06-06,180.32,187,12449,9,387.94
Brand Awareness,Google Ads,2025-06-06,251.79,180,8764,9,259.19
Retargeting Boost,Google Ads,2025-06-06,243.29,295,12339,31,621.26
Engagement Surge,Meta Ads,2025-06-06,124.95,341,6979,60,1242.47
Conversion Magnet,Meta Ads,2025-06-06,274.64,694,16843,82,2619.09
Lookalike Expansion,Meta Ads,2025-06-06,125.73,78,4102,6,207.13
Video Funnel,YouTube,2025-06-06,236.86,142,11594,27,1303.61
Pre-Roll Push,YouTube,2025-06-06,246.3,545,17155,105,2338.16
Channel Lift,YouTube,2025-06-06,141.42,98,5517,6,232.03
Trend Jumps,TikTok,2025-06-06,245.33,206,13034,35,1367.75
Creator Collab,TikTok,2025-06-06,147.04,170,8376,17,807.92
Viral Loop,TikTok,2025-06-06,122.63,272,5984,42,918.38
Lead Magnet,LinkedIn,2025-06-06,86.83,92,2632,10,240.28
B2B Outreach,LinkedIn,2025-06-06,289.48,291,14817,36,1453.99
Webinar Promo,LinkedIn,2025-06-06,69.06,119,2830,14,509.56
Search Max,Google Ads,2025-06-07,158.2,83,5023,9,236.48
Brand Awareness,Google Ads,2025-06-07,62.49,196,3983,33,1505.25
Retargeting Boost,Google Ads,2025-06-07,110.49,135,7560,26,1295.96
Engagement Surge,Meta Ads,2025-06-07,227.93,517,15783,45,1489.94
Conversion Magnet,Meta Ads,2025-06-07,198.39,227,6531,44,1130.94
Lookalike Expansion,Meta Ads,2025-06-07,248.15,785,16456,152,5417.86
Video Funnel,YouTube,2025-06-07,294.33,292,17745,35,1454.25
Pre-Roll Push,YouTube,2025-06-07,111.84,228,6221,16,591.24
Channel Lift,YouTube,2025-06-07,242.91,127,12134,6,184.27
Trend Jumps,TikTok,2025-06-07,281.55,389,11021,32,948.8
Creator Collab,TikTok,2025-06-07,262.01,214,15499,24,501.0
Viral Loop,TikTok,2025-06-07,170.22,141,9616,13,415.16
Lead Magnet,LinkedIn,2025-06-07,279.88,230,19516,37,1152.61
B2B Outreach,LinkedIn,2025-06-07,148.11,416,8911,80,2985.09
Webinar Promo,LinkedIn,2025-06-07,139.28,171,8565,23,707.42
Search Max,Google Ads,2025-06-08,214.16,149,8484,27,622.46
Brand Awareness,Google Ads,2025-06-08,176.49,79,6853,4,101.03
Retargeting Boost,Google Ads,2025-06-08,266.69,528,11014,72,2383.09
Engagement Surge,Meta Ads,2025-06-08,195.02,398,9881,36,1101.29
Conversion Magnet,Meta Ads,2025-06-08,273.52,848,18560,95,4124.04
Lookalike Expansion,Meta Ads,2025-06-08,169.08,153,8437,21,537.27
Video Funnel,YouTube,2025-06-08,132.89,155,8531,9,198.63
Pre-Roll Push,YouTube,2025-06-08,285.2,378,14338,64,2884.79
Channel Lift,YouTube,2025-06-08,133.05,313,7682,46,1129.2
Trend Jumps,TikTok,2025-06-08,268.97,295,13869,33,697.2
Creator Collab,TikTok,2025-06-08,81.97,49,4969,5,178.38
Viral Loop,TikTok,2025-06-08,63.66,83,4387,7,203.83
Lead Magnet,LinkedIn,2025-06-08,107.6,126,3234,24,641.49
B2B Outreach,LinkedIn,2025-06-08,215.76,565,12875,64,1861.63
Webinar Promo,LinkedIn,2025-06-08,131.32,327,7682,25,778.21
Search Max,Google Ads,2025-06-09,275.49,847,17154,138,4387.83
Brand Awareness,Google Ads,2025-06-09,197.66,146,11156,19,784.31
Retargeting Boost,Google Ads,2025-06-09,91.83,187,5622,36,765.82
Engagement Surge,Meta Ads,2025-06-09,116.33,137,6289,21,898.17
Conversion Magnet,Meta Ads,2025-06-09,75.63,116,3823,12,575.85
Lookalike Expansion,Meta Ads,2025-06-09,256.88,573,14870,68,3238.83
Video Funnel,YouTube,2025-06-09,223.65,588,13230,53,2343.24
Pre-Roll Push,YouTube,2025-06-09,98.81,101,4329,19,868.23
Channel Lift,YouTube,2025-06-09,225.29,432,13310,82,2860.8
Trend Jumps,TikTok,2025-06-09,145.13,219,5300,35,1103.57
Creator Collab,TikTok,2025-06-09,56.3,37,3578,5,245.54
Viral Loop,TikTok,2025-06-09,159.42,239,6280,41,1492.11
Lead Magnet,LinkedIn,2025-06-09,291.76,282,9355,44,2018.69
B2B Outreach,LinkedIn,2025-06-09,94.81,188,5878,20,479.03
Webinar Promo,LinkedIn,2025-06-09,266.32,216,9665,20,922.85
Search Max,Google Ads,2025-06-10,218.18,270,13498,38,1411.79
Brand Awareness,Google Ads,2025-06-10,258.21,179,17104,27,581.99
Retargeting Boost,Google Ads,2025-06-10,187.21,173,7770,17,656.86
Engagement Surge,Meta Ads,2025-06-10,133.51,207,7918,12,522.15
Conversion Magnet,Meta Ads,2025-06-10,121.44,214,5745,21,455.65
Lookalike Expansion,Meta Ads,2025-06-10,143.48,346,9724,52,2026.36
Video Funnel,YouTube,2025-06-10,99.75,186,4661,12,340.03
Pre-Roll Push,YouTube,2025-06-10,119.08,277,5630,16,568.98
Channel Lift,YouTube,2025-06-10,94.84,94,6527,10,421.37
Trend Jumps,TikTok,2025-06-10,226.14,253,10608,27,754.06
Creator Collab,TikTok,2025-06-10,101.33,103,4997,9,357.32
Viral Loop,TikTok,2025-06-10,292.13,206,15817,12,582.51
Lead Magnet,LinkedIn,2025-06-10,124.32,142,4187,20,789.1
B2B Outreach,LinkedIn,2025-06-10,116.85,173,3576,15,604.21
Webinar Promo,LinkedIn,2025-06-10,226.66,277,12330,25,948.25
Search Max,Google Ads,2025-06-11,266.52,257,18088,18,870.16
Brand Awareness,Google Ads,2025-06-11,234.13,276,15293,38,1559.3
Retargeting Boost,Google Ads,2025-06-11,220.03,108,10193,14,386.3
Engagement Surge,Meta Ads,2025-06-11,162.56,288,11103,50,1282.81
Conversion Magnet,Meta Ads,2025-06-11,218.12,212,15067,10,330.07
Lookalike Expansion,Meta Ads,2025-06-11,73.16,204,4384,23,638.51
Video Funnel,YouTube,2025-06-11,158.6,96,9347,13,499.18
Pre-Roll Push,YouTube,2025-06-11,209.42,320,8309,20,519.56
Channel Lift,YouTube,2025-06-11,269.37,169,16040,14,370.05
Trend Jumps,TikTok,2025-06-11,117.7,58,4696,6,251.89
Creator Collab,TikTok,2025-06-11,201.68,152,11478,29,1309.49
Viral Loop,TikTok,2025-06-11,251.27,747,15809,98,2548.83
Lead Magnet,LinkedIn,2025-06-11,204.2,481,12193,61,1345.28
B2B Outreach,LinkedIn,2025-06-11,142.78,318,9542,41,1150.69
Webinar Promo,LinkedIn,2025-06-11,142.11,342,9352,57,1916.93
Search Max,Google Ads,2025-06-12,207.56,316,8288,36,1197.95
Brand Awareness,Google Ads,2025-06-12,212.33,179,14321,31,891.92
Retargeting Boost,Google Ads,2025-06-12,160.98,109,4970,13,281.91
Engagement Surge,Meta Ads,2025-06-12,172.77,164,11590,27,871.83
Conversion Magnet,Meta Ads,2025-06-12,213.79,141,8639,10,221.15
Lookalike Expansion,Meta Ads,2025-06-12,96.41,246,5453,42,1703.27
Video Funnel,YouTube,2025-06-12,77.61,72,3226,6,212.7
Pre-Roll Push,YouTube,2025-06-12,183.89,196,8141,34,1485.08
Channel Lift,YouTube,2025-06-12,126.95,406,8448,40,1225.31
Trend Jumps,TikTok,2025-06-12,176.41,537,11933,35,1112.37
Creator Collab,TikTok,2025-06-12,188.34,167,9440,29,1168.94
Viral Loop,TikTok,2025-06-12,259.48,666,16697,77,2950.36
Lead Magnet,LinkedIn,2025-06-12,90.09,88,5130,13,349.54
B2B Outreach,LinkedIn,2025-06-12,79.39,29,2906,4,167.89
Webinar Promo,LinkedIn,2025-06-12,178.73,86,6515,4,99.89
Search Max,Google Ads,2025-06-13,272.71,261,10816,17,453.4
Brand Awareness,Google Ads,2025-06-13,179.81,193,9765,11,349.04
Retargeting Boost,Google Ads,2025-06-13,108.55,203,4209,28,1027.78
Engagement Surge,Meta Ads,2025-06-13,153.94,229,7259,35,1437.25
Conversion Magnet,Meta Ads,2025-06-13,92.92,123,4646,22,856.74
Lookalike Expansion,Meta Ads,2025-06-13,183.13,216,6339,14,421.63
Video Funnel,YouTube,2025-06-13,85.71,90,4944,9,421.83
Pre-Roll Push,YouTube,2025-06-13,101.08,136,5085,7,306.48
Channel Lift,YouTube,2025-06-13,67.26,106,3293,15,609.88
Trend Jumps,TikTok,2025-06-13,113.32,134,3444,17,766.42
Creator Collab,TikTok,2025-06-13,255.35,478,16274,47,2056.1
Viral Loop,TikTok,2025-06-13,162.82,268,6079,48,1631.49
Lead Magnet,LinkedIn,2025-06-13,68.92,132,3136,24,626.5
B2B Outreach,LinkedIn,2025-06-13,66.74,111,4344,14,686.59
Webinar Promo,LinkedIn,2025-06-13,66.64,48,3727,5,220.57
Search Max,Google Ads,2025-06-14,158.37,358,11068,35,931.12
Brand Awareness,Google Ads,2025-06-14,137.63,78,6179,8,271.42
Retargeting Boost,Google Ads,2025-06-14,230.68,497,12980,25,663.25
Engagement Surge,Meta Ads,2025-06-14,215.42,108,10633,18,777.32
Conversion Magnet,Meta Ads,2025-06-14,187.1,248,6110,34,1477.6
Lookalike Expansion,Meta Ads,2025-06-14,237.94,454,14780,32,1284.31
Video Funnel,YouTube,2025-06-14,205.12,205,12243,16,747.4
Pre-Roll Push,YouTube,2025-06-14,237.49,635,15752,88,3486.91
Channel Lift,YouTube,2025-06-14,272.28,510,14472,37,1266.05
Trend Jumps,TikTok,2025-06-14,229.1,169,9355,16,435.92
Creator Collab,TikTok,2025-06-14,103.73,225,4874,28,717.85
Viral Loop,TikTok,2025-06-14,69.24,101,4005,17,676.35
Lead Magnet,LinkedIn,2025-06-14,249.06,383,10181,34,1637.85
B2B Outreach,LinkedIn,2025-06-14,209.09,186,8986,14,571.75
Webinar Promo,LinkedIn,2025-06-14,104.68,115,5633,17,755.62
Search Max,Google Ads,2025-06-15,244.51,258,14776,16,655.5
Brand Awareness,Google Ads,2025-06-15,142.09,75,6719,6,126.06
Retargeting Boost,Google Ads,2025-06-15,269.8,346,10720,19,760.1
Engagement Surge,Meta Ads,2025-06-15,130.76,392,8619,38,1787.1
Conversion Magnet,Meta Ads,2025-06-15,299.04,825,18844,72,2685.68
Lookalike Expansion,Meta Ads,2025-06-15,66.81,112,2257,11,466.9
Video Funnel,YouTube,2025-06-15,251.67,807,16187,69,1463.53
Pre-Roll Push,YouTube,2025-06-15,152.8,58,5379,6,261.07
Channel Lift,YouTube,2025-06-15,191.55,294,8143,24,490.35
Trend Jumps,TikTok,2025-06-15,241.09,536,13247,29,1308.29
Creator Collab,TikTok,2025-06-15,204.88,376,10763,67,2519.74
Viral Loop,TikTok,2025-06-15,195.24,547,13594,63,2596.98
Lead Magnet,LinkedIn,2025-06-15,147.31,195,5767,36,1723.47
B2B Outreach,LinkedIn,2025-06-15,135.48,127,6923,25,1235.84
Webinar Promo,LinkedIn,2025-06-15,212.38,509,13205,70,1512.03
Search Max,Google Ads,2025-06-16,163.69,346,9328,36,1737.03
Brand Awareness,Google Ads,2025-06-16,91.84,172,4593,26,1025.94
Retargeting Boost,Google Ads,2025-06-16,118.82,152,4307,21,532.99
Engagement Surge,Meta Ads,2025-06-16,226.28,400,10908,70,1756.43
Conversion Magnet,Meta Ads,2025-06-16,54.79,115,3351,17,767.46
Lookalike Expansion,Meta Ads,2025-06-16,250.7,539,17157,66,2115.74
Video Funnel,YouTube,2025-06-16,88.42,98,4677,18,674.92
Pre-Roll Push,YouTube,2025-06-16,198.21,105,8760,5,163.5
Channel Lift,YouTube,2025-06-16,71.14,174,3861,31,1232.91
Trend Jumps,TikTok,2025-06-16,102.81,301,6633,23,968.82
Creator Collab,TikTok,2025-06-16,121.63,376,7553,20,938.42
Viral Loop,TikTok,2025-06-16,205.66,405,14177,71,1552.9
Lead Magnet,LinkedIn,2025-06-16,133.82,214,4373,36,1640.75
B2B Outreach,LinkedIn,2025-06-16,284.49,241,9503,14,368.53
Webinar Promo,LinkedIn,2025-06-16,107.34,108,5234,7,175.17
Search Max,Google Ads,2025-06-17,86.82,241,5983,47,1560.03
Brand Awareness,Google Ads,2025-06-17,119.59,170,7406,16,431.6
Retargeting Boost,Google Ads,2025-06-17,82.42,80,3318,12,262.52
Engagement Surge,Meta Ads,2025-06-17,102.63,101,6400,10,459.4
Conversion Magnet,Meta Ads,2025-06-17,88.73,86,2955,8,295.22
Lookalike Expansion,Meta Ads,2025-06-17,250.95,295,8905,37,899.93
Video Funnel,YouTube,2025-06-17,206.0,248,8434,15,506.81
Pre-Roll Push,YouTube,2025-06-17,126.62,97,7963,10,337.53
Channel Lift,YouTube,2025-06-17,231.25,449,12249,74,3394.09
Trend Jumps,TikTok,2025-06-17,128.47,288,6618,57,2661.08
Creator Collab,TikTok,2025-06-17,142.87,159,5401,25,869.43
Viral Loop,TikTok,2025-06-17,170.8,265,10850,47,1513.59
Lead Magnet,LinkedIn,2025-06-17,132.06,257,6359,17,440.17
B2B Outreach,LinkedIn,2025-06-17,287.86,348,10656,47,1630.37
Webinar Promo,LinkedIn,2025-06-17,211.19,265,8277,28,1115.8
Search Max,Google Ads,2025-06-18,85.31,78,4507,7,185.93
Brand Awareness,Google Ads,2025-06-18,95.71,129,6032,24,1178.35
Retargeting Boost,Google Ads,2025-06-18,192.82,172,6887,29,899.63
Engagement Surge,Meta Ads,2025-06-18,71.75,164,3750,27,681.85
Conversion Magnet,Meta Ads,2025-06-18,218.19,158,8470,28,769.72
Lookalike Expansion,Meta Ads,2025-06-18,115.81,155,3477,26,1009.32
Video Funnel,YouTube,2025-06-18,237.57,242,8571,24,547.52
Pre-Roll Push,YouTube,2025-06-18,171.53,132,11463,12,314.71
Channel Lift,YouTube,2025-06-18,109.54,208,7266,24,1027.61
Trend Jumps,TikTok,2025-06-18,88.62,119,4385,16,799.79
Creator Collab,TikTok,2025-06-18,242.36,479,11127,36,752.9
Viral Loop,TikTok,2025-06-18,101.11,134,4410,19,899.05
Lead Magnet,LinkedIn,2025-06-18,177.46,106,8882,5,182.67
B2B Outreach,LinkedIn,2025-06-18,159.54,166,10141,8,267.77
Webinar Promo,LinkedIn,2025-06-18,109.37,136,3498,9,344.25
Search Max,Google Ads,2025-06-19,120.26,111,4442,18,571.73
Brand Awareness,Google Ads,2025-06-19,237.69,340,8323,29,1169.33
Retargeting Boost,Google Ads,2025-06-19,191.45,327,12858,19,390.92
Engagement Surge,Meta Ads,2025-06-19,256.71,536,13089,45,1365.86
Conversion Magnet,Meta Ads,2025-06-19,57.53,144,3938,27,755.05
Lookalike Expansion,Meta Ads,2025-06-19,202.87,263,11591,46,2227.08
Video Funnel,YouTube,2025-06-19,271.21,340,16153,31,1515.93
Pre-Roll Push,YouTube,2025-06-19,52.57,117,3082,16,795.25
Channel Lift,YouTube,2025-06-19,127.97,73,5579,8,222.65
Trend Jumps,TikTok,2025-06-19,135.85,408,8610,31,966.43
Creator Collab,TikTok,2025-06-19,282.16,125,9162,9,340.71
Viral Loop,TikTok,2025-06-19,87.62,167,6021,20,548.0
Lead Magnet,LinkedIn,2025-06-19,167.74,379,9473,61,2277.54
B2B Outreach,LinkedIn,2025-06-19,276.09,697,17309,40,808.25
Webinar Promo,LinkedIn,2025-06-19,103.11,154,5829,16,744.6
Search Max,Google Ads,2025-06-20,273.89,409,18177,62,1745.24
Brand Awareness,Google Ads,2025-06-20,97.65,86,3650,9,404.36
Retargeting Boost,Google Ads,2025-06-20,79.97,148,4749,13,452.2
Engagement Surge,Meta Ads,2025-06-20,124.99,184,6729,13,305.47
Conversion Magnet,Meta Ads,2025-06-20,186.67,293,12338,46,1828.95
Lookalike Expansion,Meta Ads,2025-06-20,282.89,580,17776,86,4037.84
Video Funnel,YouTube,2025-06-20,149.88,67,6455,11,484.32
Pre-Roll Push,YouTube,2025-06-20,76.11,115,4039,7,345.92
Channel Lift,YouTube,2025-06-20,103.67,114,3388,18,377.52
Trend Jumps,TikTok,2025-06-20,214.68,155,11011,11,407.43
Creator Collab,TikTok,2025-06-20,124.09,358,8380,70,1945.31
Viral Loop,TikTok,2025-06-20,292.43,330,13817,18,388.49
Lead Magnet,LinkedIn,2025-06-20,223.0,205,10774,29,799.99
B2B Outreach,LinkedIn,2025-06-20,194.41,370,8625,64,2196.51
Webinar Promo,LinkedIn,2025-06-20,137.7,258,6127,25,656.79
Search Max,Google Ads,2025-06-21,71.17,101,3463,17,452.83
Brand Awareness,Google Ads,2025-06-21,145.25,388,9054,41,1384.72
Retargeting Boost,Google Ads,2025-06-21,125.82,124,8467,23,931.87
Engagement Surge,Meta Ads,2025-06-21,182.89,166,5725,18,447.06
Conversion Magnet,Meta Ads,2025-06-21,214.1,478,14739,75,1654.01
Lookalike Expansion,Meta Ads,2025-06-21,154.42,184,5351,35,1394.87
Video Funnel,YouTube,2025-06-21,69.2,97,3057,10,450.09
Pre-Roll Push,YouTube,2025-06-21,253.67,344,13818,30,695.29
Channel Lift,YouTube,2025-06-21,138.72,239,6454,35,773.61
Trend Jumps,TikTok,2025-06-21,148.81,90,5546,15,318.86
Creator Collab,TikTok,2025-06-21,154.8,256,5685,34,916.01
Viral Loop,TikTok,2025-06-21,175.61,502,10406,41,1910.0
Lead Magnet,LinkedIn,2025-06-21,283.58,669,18902,96,3081.25
B2B Outreach,LinkedIn,2025-06-21,238.1,452,12203,51,2139.19
Webinar Promo,LinkedIn,2025-06-21,256.12,397,9183,52,2357.68
Search Max,Google Ads,2025-06-22,157.83,332,7127,29,1314.46
Brand Awareness,Google Ads,2025-06-22,171.01,193,8646,26,773.66
Retargeting Boost,Google Ads,2025-06-22,59.82,25,2445,4,195.89
Engagement Surge,Meta Ads,2025-06-22,148.79,209,8798,31,1369.05
Conversion Magnet,Meta Ads,2025-06-22,286.69,545,13190,48,2386.08
Lookalike Expansion,Meta Ads,2025-06-22,56.44,111,3055,17,401.4
Video Funnel,YouTube,2025-06-22,284.63,370,10601,30,876.49
Pre-Roll Push,YouTube,2025-06-22,186.61,142,8712,10,325.44
Channel Lift,YouTube,2025-06-22,239.32,210,15775,22,506.16
Trend Jumps,TikTok,2025-06-22,54.15,104,3057,7,189.1
Creator Collab,TikTok,2025-06-22,55.93,173,3545,12,323.33
Viral Loop,TikTok,2025-06-22,267.1,479,17911,27,571.91
Lead Magnet,LinkedIn,2025-06-22,193.49,98,8845,13,264.41
B2B Outreach,LinkedIn,2025-06-22,246.84,121,10430,16,510.89
Webinar Promo,LinkedIn,2025-06-22,293.45,319,15191,49,1379.09
Search Max,Google Ads,2025-06-23,276.06,397,12419,22,721.24
Brand Awareness,Google Ads,2025-06-23,258.09,304,16059,25,1112.98
Retargeting Boost,Google Ads,2025-06-23,282.6,267,9555,26,1199.14
Engagement Surge,Meta Ads,2025-06-23,70.88,109,2724,6,208.66
Conversion Magnet,Meta Ads,2025-06-23,160.53,179,6963,23,571.34
Lookalike Expansion,Meta Ads,2025-06-23,193.0,485,12007,35,856.71
Video Funnel,YouTube,2025-06-23,117.04,136,5201,20,434.01
Pre-Roll Push,YouTube,2025-06-23,58.67,101,2679,7,274.72
Channel Lift,YouTube,2025-06-23,114.96,344,7523,32,860.79
Trend Jumps,TikTok,2025-06-23,152.83,223,6055,38,1527.33
Creator Collab,TikTok,2025-06-23,256.09,190,11749,30,924.43
Viral Loop,TikTok,2025-06-23,217.82,117,8892,23,567.78
Lead Magnet,LinkedIn,2025-06-23,297.11,857,20527,127,4741.44
B2B Outreach,LinkedIn,2025-06-23,266.53,318,11081,45,1455.11
Webinar Promo,LinkedIn,2025-06-23,156.87,220,6778,39,1015.79
Search Max,Google Ads,2025-06-24,283.61,700,16325,93,4034.85
Brand Awareness,Google Ads,2025-06-24,54.05,39,3390,7,348.31
Retargeting Boost,Google Ads,2025-06-24,123.52,192,4744,16,735.47
Engagement Surge,Meta Ads,2025-06-24,75.71,130,2652,19,862.73
Conversion Magnet,Meta Ads,2025-06-24,131.08,252,7479,35,1416.66
Lookalike Expansion,Meta Ads,2025-06-24,193.84,192,9141,31,830.43
Video Funnel,YouTube,2025-06-24,223.09,307,8774,49,1301.51
Pre-Roll Push,YouTube,2025-06-24,64.99,78,2290,13,277.55
Channel Lift,YouTube,2025-06-24,233.54,297,10194,56,1677.71
Trend Jumps,TikTok,2025-06-24,166.33,67,5080,5,104.18
Creator Collab,TikTok,2025-06-24,207.84,312,9780,23,664.19
Viral Loop,TikTok,2025-06-24,215.96,178,14817,32,1193.81
Lead Magnet,LinkedIn,2025-06-24,190.98,122,9551,7,266.19
B2B Outreach,LinkedIn,2025-06-24,135.24,236,9019,16,663.07
Webinar Promo,LinkedIn,2025-06-24,123.34,238,6292,44,1925.69
Search Max,Google Ads,2025-06-25,219.09,599,12528,56,1121.87
Brand Awareness,Google Ads,2025-06-25,117.99,166,4568,24,907.29
Retargeting Boost,Google Ads,2025-06-25,54.06,73,3197,10,366.97
Engagement Surge,Meta Ads,2025-06-25,135.68,66,4800,11,523.07
Conversion Magnet,Meta Ads,2025-06-25,212.45,189,7252,30,1301.84
Lookalike Expansion,Meta Ads,2025-06-25,79.55,91,2386,9,248.71
Video Funnel,YouTube,2025-06-25,53.22,120,2746,23,850.36
Pre-Roll Push,YouTube,2025-06-25,178.62,190,5966,20,764.28
Channel Lift,YouTube,2025-06-25,147.18,80,5830,7,160.3
Trend Jumps,TikTok,2025-06-25,94.22,181,6547,23,1062.8
Creator Collab,TikTok,2025-06-25,298.89,677,15933,67,1954.55
Viral Loop,TikTok,2025-06-25,150.68,319,8573,31,743.89
Lead Magnet,LinkedIn,2025-06-25,208.1,242,7311,37,1517.68
B2B Outreach,LinkedIn,2025-06-25,238.37,464,15473,74,2854.56
Webinar Promo,LinkedIn,2025-06-25,96.66,64,2999,7,269.59
Search Max,Google Ads,2025-06-26,262.49,149,9935,28,650.76
Brand Awareness,Google Ads,2025-06-26,169.62,286,9061,17,369.08
Retargeting Boost,Google Ads,2025-06-26,76.37,129,4079,10,391.33
Engagement Surge,Meta Ads,2025-06-26,255.02,241,8074,36,992.5
Conversion Magnet,Meta Ads,2025-06-26,126.94,317,6924,54,2024.67
Lookalike Expansion,Meta Ads,2025-06-26,232.56,369,10370,44,1130.72
Video Funnel,YouTube,2025-06-26,225.43,286,11780,53,1093.29
Pre-Roll Push,YouTube,2025-06-26,128.94,169,4161,26,778.45
Channel Lift,YouTube,2025-06-26,218.92,403,10034,47,1521.31
Trend Jumps,TikTok,2025-06-26,283.68,168,11357,23,1128.83
Creator Collab,TikTok,2025-06-26,144.46,110,4692,13,323.15
Viral Loop,TikTok,2025-06-26,214.53,420,14997,43,1376.91
Lead Magnet,LinkedIn,2025-06-26,78.79,136,5147,14,557.07
B2B Outreach,LinkedIn,2025-06-26,160.51,111,8977,19,916.09
Webinar Promo,LinkedIn,2025-06-26,212.19,232,14467,28,1065.52
Search Max,Google Ads,2025-06-27,195.43,211,9001,14,444.53
Brand Awareness,Google Ads,2025-06-27,90.67,98,5383,5,182.85
Retargeting Boost,Google Ads,2025-06-27,198.81,426,12898,43,1895.89
Engagement Surge,Meta Ads,2025-06-27,185.07,200,6138,37,1179.91
Conversion Magnet,Meta Ads,2025-06-27,124.08,71,4434,8,302.96
Lookalike Expansion,Meta Ads,2025-06-27,70.15,190,4740,26,1166.18
Video Funnel,YouTube,2025-06-27,70.05,120,3437,20,870.08
Pre-Roll Push,YouTube,2025-06-27,119.27,120,8066,21,1031.69
Channel Lift,YouTube,2025-06-27,94.29,64,5552,7,248.42
Trend Jumps,TikTok,2025-06-27,195.16,485,13161,59,2613.12
Creator Collab,TikTok,2025-06-27,287.63,437,8882,27,1199.65
Viral Loop,TikTok,2025-06-27,120.08,116,4237,17,534.29
Lead Magnet,LinkedIn,2025-06-27,63.64,158,3435,16,423.84
B2B Outreach,LinkedIn,2025-06-27,160.64,219,5129,38,1430.32
Webinar Promo,LinkedIn,2025-06-27,138.28,275,8572,47,1830.36
Search Max,Google Ads,2025-06-28,246.1,352,13275,68,2463.87
Brand Awareness,Google Ads,2025-06-28,201.27,273,7813,37,945.17
Retargeting Boost,Google Ads,2025-06-28,64.9,142,3515,18,482.46
Engagement Surge,Meta Ads,2025-06-28,216.63,199,7193,14,357.47
Conversion Magnet,Meta Ads,2025-06-28,100.57,55,4572,6,212.11
Lookalike Expansion,Meta Ads,2025-06-28,170.82,337,7740,24,844.1
Video Funnel,YouTube,2025-06-28,65.51,70,2151,9,417.07
Pre-Roll Push,YouTube,2025-06-28,189.47,154,12958,9,191.9
Channel Lift,YouTube,2025-06-28,96.32,178,4975,10,483.79
Trend Jumps,TikTok,2025-06-28,260.54,142,10907,10,238.08
Creator Collab,TikTok,2025-06-28,80.82,81,4101,8,397.48
Viral Loop,TikTok,2025-06-28,221.08,235,15024,25,916.05
Lead Magnet,LinkedIn,2025-06-28,69.19,76,2087,11,355.56
B2B Outreach,LinkedIn,2025-06-28,172.41,88,8037,8,202.5
Webinar Promo,LinkedIn,2025-06-28,74.61,173,5093,27,795.44
Search Max,Google Ads,2025-06-29,148.29,81,5854,6,263.55
Brand Awareness,Google Ads,2025-06-29,219.39,330,11381,62,1375.29
Retargeting Boost,Google Ads,2025-06-29,120.15,218,5286,43,1170.46
Engagement Surge,Meta Ads,2025-06-29,268.58,322,16980,35,1130.16
Conversion Magnet,Meta Ads,2025-06-29,294.56,460,10968,46,1928.6
Lookalike Expansion,Meta Ads,2025-06-29,155.0,356,8235,60,2759.56
Video Funnel,YouTube,2025-06-29,64.9,58,3743,6,218.75
Pre-Roll Push,YouTube,2025-06-29,150.68,381,7652,26,1046.86
Channel Lift,YouTube,2025-06-29,149.0,86,5262,16,742.21
Trend Jumps,TikTok,2025-06-29,276.76,353,19279,36,1442.76
Creator Collab,TikTok,2025-06-29,170.95,194,7989,26,968.96
Viral Loop,TikTok,2025-06-29,90.36,141,4415,19,499.76
Lead Magnet,LinkedIn,2025-06-29,235.57,176,7304,29,1070.59
B2B Outreach,LinkedIn,2025-06-29,115.29,217,6663,36,1513.83
Webinar Promo,LinkedIn,2025-06-29,202.53,153,10030,13,423.45
Search Max,Google Ads,2025-06-30,199.82,217,10100,11,383.76
Brand Awareness,Google Ads,2025-06-30,121.41,78,7209,10,482.44
Retargeting Boost,Google Ads,2025-06-30,93.6,62,4573,8,292.13
Engagement Surge,Meta Ads,2025-06-30,151.84,354,7721,28,578.95
Conversion Magnet,Meta Ads,2025-06-30,265.42,642,14089,89,3943.13
Lookalike Expansion,Meta Ads,2025-06-30,157.42,439,9444,59,1499.99
Video Funnel,YouTube,2025-06-30,117.2,88,4447,8,293.23
Pre-Roll Push,YouTube,2025-06-30,197.0,320,9270,19,430.04
Channel Lift,YouTube,2025-06-30,92.96,87,4715,8,256.08
Trend Jumps,TikTok,2025-06-30,252.97,278,7729,41,1802.35
Creator Collab,TikTok,2025-06-30,283.19,140,8723,25,843.89
Viral Loop,TikTok,2025-06-30,191.15,401,10804,76,3793.04
Lead Magnet,LinkedIn,2025-06-30,230.04,431,9544,24,646.38
B2B Outreach,LinkedIn,2025-06-30,274.35,207,11041,14,640.83
Webinar Promo,LinkedIn,2025-06-30,175.01,195,9974,31,1326.81
